id,first_name,last_name
1,Aaliyah,Jeffery
2,Addison,Parry
3,Adrian,Chambers
4,Aidan,Francis
5,Aiden,Clark
6,Alexander,Mejia
7,Alyssa,Lloyd
8,Amelia,Baker
9,Anna,Woods
10,Anthony,Solis
11,Aria,Ramsey
12,Ariana,Walters
13,Arianna,Nichols
14,Aubrey,Hanson
15,Aurora,Stannard
16,Ava,Dean
17,Avery,Grant
18,Bella,Walton
19,Benjamin,Mills
20,Brianna,Martin
21,Caleb,Reyes
22,Camila,Johnston
23,Carson,Reynolds
24,Carter,Campos
25,Charlotte,Davis
26,Chase,Kennedy
27,Christian,Deleon
28,Christopher,Bailey
29,Cole,Perkins
30,Dominic,Maxwell
31,Elena,Humphreys
32,Ella,Sims
33,Emily,Howe
34,Ethan,Kay
35,Eva,Griffin
36,Evelyn,Bolton
37,Faith,Charlton
38,Gabriel,Payne
39,Gabrielle,Wilkinson
40,Gavin,Harper
41,Grace,Cross
42,Harper,Barker
43,Hunter,Cooper
44,Isabelle,Howells
45,Isaiah,Miller
46,Jack,Berry
47,Jackson,Field
48,Jacob,Cobb
49,Jason,Peterson
50,Jeremiah,Dominguez
51,John,Gibson
52,Jonathan,Watson
53,Joseph,Walsh
54,Joshua,Burns
55,Justin,Hoffman
56,Kate,Hutchinson
57,Katie,Harrison
58,Kayla,Butler
59,Kennedy,Mullins
60,Landon,Mackay
61,Leo,Fletcher
62,Liam,Hart
63,Lucas,Miles
64,Lucy,Walker
65,Madeline,Abraham
66,Mateo,Williamson
67,Matthew,Moss
68,Mia,Kent
69,Molly,Henderson
70,Morgan,Hewitt
71,Muhammad,Sanderson
72,Nathaniel,Fernandez
73,Nevaeh,Saunders
74,Nicholas,Patel
75,Olivia,Bell
76,Paige,Johnson
77,Parker,Bartlett
78,Penelope,Hamilton
79,Peyton,Chapman
80,Riley,Austin
81,Ryan,Brown
82,Sadie,Thompson
83,Samuel,Garner
84,Sara,Atherton
85,Savannah,Baxter
86,Sebastian,Kelley
87,Sofia,Payne
88,Sophie,Fuller
89,Stella,Collins
90,Tyler,Lewis
91,Victoria,Young
92,Violet,Stevens
93,Xavier,Guerrero
94,Zoe,White
95,Zoey,Harvey