id,first_name,last_name,department_id
1,Aaron,Coleman,2
2,Abby,Webster,3
3,Abigail,Rose,3
4,Adam,Knight,3
5,Alex,Hanson,2
6,Alexandra,Gilbert,2
7,Alexis,Jones,3
8,Allison,Barrett,4
9,Andrew,Mcgee,5
10,Asher,Williams,5
11,Audrey,Fisher,4
12,Austin,Brooks,3
13,Autumn,Fleming,6
14,Bailey,Lawrence,3
15,Blake,Mccarthy,6
16,Brandon,Palmer,4
17,Brayden,Bentley,6
18,Brooklyn,Miller,2
19,Cameron,Graham,6
20,Caroline,Farrell,2
21,Charlie,Russell,4
22,Chloe,Rowe,1
23,Claire,Holmes,2
24,Colton,Phillips,6
25,Connor,Acosta,5
26,Cooper,Seymour,5
27,Daniel,Moran,2
28,David,Weber,4
29,Dylan,Myers,2
30,Eli,Higgins,3
31,Elijah,Grant,2
32,Elizabeth,Ellis,2
33,Ellie,Bowman,4
34,Emma,May,6
35,Evan,Foster,6
36,Gabriella,Tucker,6
37,Gianna,Beattie,3
38,Grayson,Rodgers,2
39,Hailey,Quinn,5
40,Hannah,Page,4
41,Hayden,Strickland,5
42,Henry,Ingram,5
43,Hudson,Montgomery,2
44,Ian,Johnson,3
45,Isaac,Howell,3
46,Isabella,Carr,4
47,Jake,Alvarado,6
48,James,Doyle,5
49,Jasmine,Elliott,5
50,Jaxon,Thomson,3